,Datetime,Tweet Id,Text,Username,Language,District,Sub District,Up Votes
0,2021-12-29 18:20:50+00:00,1476256912857567243,"@Rosenthal4USA @EllaLouise68 @NikkiFried *Things my dad told me while waiting for his booster shot today: I knew he served in Berlin after WWII, but today he told the pharmacist he was at Spandau Prison and guarded Rudolph Hesse. He's never told us this before. Amazing.",superteach232,en,Spandau,spandau,0
1,2021-12-26 13:33:43+00:00,1475097495982247942,"@_dmoser @petoushkoff @naive_elf There is the study of a proposed battery trolleybus system for Berlin Spandau. That gave battery-trolleybus the advantage over BEBs of between 10 and 20%, depending on particular scenarios. If you haven‚Äôt seen it before, just DM me and I will email it to you.",750V_DC,en,Spandau,spandau,2
2,2021-12-25 21:42:43+00:00,1474858169532702722,The top 5 jewelry in Spandau. Think Ampelm√§nnchen and postcards and you‚Äôre almost there #Berlin,VisitBerlinNow,en,Spandau,spandau,0
3,2021-12-24 10:41:28+00:00,1474329371641004032,"@hvhasel @750V_DC @ChittiMarco The ""political"" part (plebiscite) will not be (I think) in Berlin. And, if I remember reading correctly the early reports for Spandau, there are modifications or even new builds of the garages needed, which do have their planning procedures as well.",pdfguru,en,Spandau,spandau,1
4,2021-12-22 14:02:19+00:00,1473655141513449486,Spent the day in Spandau and was very compliantly asked to show proof of vaccination everywhere I went. These pics from the Zitadelle. #Berlin https://t.co/KMRVbtFALo,GlaeserBligh,en,Spandau,spandau,4
5,2021-12-16 18:21:19+00:00,1471545994961637376,"Planning a 10 Jan trip to Brugge to teach

üëÄ there's an ICE Sprinter! 4 hours, just Spandau as a stop between Berlin Hbf and K√∂ln Hbf

ü§¨ an hour in K√∂ln and it connects onto a Thalys, making it both costly and no overall time saving

#EUYearOfRail https://t.co/N5qeuphFg4",jonworth,en,Spandau,spandau,18
6,2021-12-16 11:13:20+00:00,1471438286560321542,"the Western Powers continued to emphasize the Four-Power agreement on Berlin of 1972‚Ä¶ the Four Powers again reaffirmed their intention to maintain their joint responsibility for Germany and Berlin. i.e. including Spandau.‚Äù

Wolf R√ºdiger Hess, My Father Rudolf Hess",ms_duckworth,en,Spandau,spandau,1
7,2021-12-15 02:47:08+00:00,1470948508714901506,"@carminapher -I'll be over you (Toto)
-Take my breath away  (Berlin)
-Heartbreaker (Dionne Warwick and Bee Gees)
-Time after time (Cindy Lauper)
-True (Spandau ballet)
--Two less lonely people in the world (Air Supply)",Marigarme55,en,Spandau,spandau,2
8,2021-12-10 21:53:04+00:00,1469424954756276230,@FbpeSmike Love both of those. I saw her at Somerset House; in Brisbane for White Chalk and in Berlin at the Spandau for Hope demolition project. Loved her since Dry,WilkenVictoria,en,Spandau,spandau,1
9,2021-12-08 20:36:30+00:00,1468680908832186369,@TiceRichard As the vaccinations are still officially in a trial stage the Nuremberg Codes will apply. Maybe Boris and co can have their next crimbo non party in the Berlin borough of Spandau.,ShayneM45351858,en,Spandau,spandau,0
10,2021-12-05 13:13:03+00:00,1467482147397189640,Our fifth (and final) #Berlin #Christmas market at Spandau. Big and sprawling‚Ä¶ higher food to craft ratio than some. Was asked directions by German woman so the German DNA must be visible at a distanceüòÇ https://t.co/8hRhjJ2QOH,Bentonra,en,Spandau,spandau,12
11,2021-12-01 05:07:14+00:00,1465910339153846274,30Nov/1945: Nazi war criminal Rudolf Hess tells the court in Nuremberg that his amnesia has been a ruse. He states he is now ready to face punishment. He‚Äôll be sentenced to life and die at Spandau Prison in Berlin in 1987 at age 93. https://t.co/3wEFEHijr7,PetloverHermine,en,Spandau,spandau,0
12,2021-11-30 16:43:49+00:00,1465723249875161096,"@archer_rs Gosh, you are in my old hometown. I‚Äôm originally from Berlin. I miss Berlin and the Christmas Markets. I‚Äôm originally from Berlin-Spandau. Enjoy your stay.",SHeartAwakening,en,Spandau,spandau,4
13,2021-11-30 13:47:15+00:00,1465678817972785153,"@slucy @jahorne The largest is Beijing with over 1000 trolleybuses, closely followed by Minsk. Berlin-Spandau is planning a big BTB line. Mexico city rejuvenated their network with 193 Chinese BTBs last year and plan to add 500 more in the next 5 years.",mathewbhopal,en,Spandau,spandau,1
14,2021-11-29 21:12:24+00:00,1465428456116822016,"Fascinating idea behind the Stadtgeschichtliches Museum Spandau in Berlin suburb. 

A museum about everything the Germans don‚Äôt want to be anymore. 
From the militaristic imperial era, through the Nazi period and up to the communist regime of the DDR. https://t.co/ROpiZP4Iix",jpaudouy,en,Spandau,spandau,2
15,2021-11-26 17:02:08+00:00,1464278310616190978,"Part of a Bronze Age hoard discovered in Berlin-Spandau, in a peat layer at the junction of the rivers Havel and Spree. Site was marked by a wooden post, objects differ in age and origin - a long-term depositional area? Museum f√ºr Vor- und Fr√ºhgeschichte Berlin. #Archaeology https://t.co/9e45qJXsCL",odietrich_,en,Spandau,spandau,70
16,2021-11-21 11:18:23+00:00,1462379861343883271,@MarleyBlonsky without me and my daughter but instead Panorama View over Berlin-Spandau https://t.co/L9JWy5faMa,d_lassig,en,Spandau,spandau,2
17,2021-11-17 01:36:12+00:00,1460783798958837762,"@VisitBerlinNow Wait a minute.  Am I looking for a 24 hour gym in Mitte, getting White Trash Fast Food, cleverly lounging , AND getting a tattoo in Spandau?   Wow- I need a nap.   Berlin is insane.",Cookie_and_Alan,en,Spandau,spandau,0
18,2021-11-14 18:58:02+00:00,1459958819992264705,For completeness: pictures from Berlin Spandau and from somewhere between Hamburg main station and Hamburg Altona. https://t.co/PqRTvQndi2,MolecularXtal,en,Spandau,spandau,1
19,2021-11-10 12:54:04+00:00,1458417676678615045,"I listened to every song by Air Supply, Dio, Spandau Ballet, and Huey Lewis and the News. Also Rod Stewart, Berlin, and Robert Palmer.",ReadyTweeterOne,en,Spandau,spandau,0
20,2021-11-09 17:51:23+00:00,1458130107533512713,@ykomska That's great news! I saw you got to one of the German circus archives. I lived in Berlin till Feb and haven't spent nearly enough time in the Spandau collection. I'll emerge from parental leave at some point &amp; start some more real-life research to go with the internet stuff.,Susanna_Forrest,en,Spandau,spandau,1
21,2021-11-05 19:38:50+00:00,1456707600129527808,"I love the people living in Dihlmannstra√üe, they are sound and calm. #Berlin #Spandau",CarinoBRLN,en,Spandau,spandau,0
22,2021-11-04 11:50:43+00:00,1456227403492167683,It‚Äôs this time of the year where I get a bit sentimental. I‚Äôm originally from Berlin - Spandau and their Christmas Market it‚Äôs absolute amazing. It‚Äôs something I really miss over here in U.K. Cornwall. Christmas Markets are just not the same. üòî,SHeartAwakening,en,Spandau,spandau,0
23,2021-11-03 04:25:49+00:00,1455753055962468354,"Just think about it, please. Four directors and 100 staff to watch seven guys sit in their cells? And you bought that? Those 104 people weren't prison guards, obviously. They were agents going to work everyday. Spandau was like a little German Langley in the heart of Berlin.",MrGoldstein7,en,Spandau,spandau,1
24,2021-11-02 17:12:02+00:00,1455583493233201156,"@JaneyGodley Living in Spandau,  the whole 'within the walls' in Berlin experience.  Tupperware agent to english speakers and a day job of litter picking.",janSnapdragon,en,Spandau,spandau,2
25,2021-11-02 09:35:32+00:00,1455468608570675200,"if you're in West Berlin, at the confluence of the Havel and Spree rivers, then you are already too late to have your voice heard by voting about industrial action.

If your ballot's not coming from Spandau, then get it posted",chr1s_2_far,en,Spandau,spandau,1
26,2021-10-27 03:48:58+00:00,1453207064612941824,"@Bearlinner @kreuzberged As a British Soldier serving in Berlin during to early 80,s, I remember this monument along with the monthly change over of Guard duties at Spandau Prison (Rudolf Hess) between the Allied Forces and the Soviets being the 2
Places where they had access to West Berlin.",bubblehead1244,en,Spandau,spandau,1
27,2021-10-23 21:31:32+00:00,1452024918829326348,Decided to do another night shift on 1994 Berlin Spandau this time Falkensee - Hahneberg - Freudstr - Hahneberg - U Rathaus Spandau - Dead and see where it takes me https://t.co/V9jOmWEdE0,Dapulsebus,en,Spandau,spandau,0
28,2021-10-23 17:49:14+00:00,1451968976615985153,"I love the people living in Osningweg, they are sound and calm. #Berlin #Spandau",CarinoBRLN,en,Spandau,spandau,0
29,2021-10-14 01:40:54+00:00,1448463794338811906,"I love the people living in August-Euler-Zeile, they are sound and calm. #Berlin #Spandau",CarinoBRLN,en,Spandau,spandau,0
30,2021-10-13 06:40:50+00:00,1448176887381958659,"When in Europe, try the sparkling Berliner Weisses at Spandau Citadel. A Peruvian doughnut restaurant that boasts the only schnitzels and mexicanas in Neuk√∂lln #Berlin",VisitBerlinNow,en,Spandau,spandau,0
31,2021-10-09 12:30:33+00:00,1446815345851961357,@elonmusk Berlin or Brandenburg? There is a difference. Like Spandau and Berlin. https://t.co/g1nWxmv0Wc,styx_gw2,en,Spandau,spandau,0
32,2021-10-06 21:53:56+00:00,1445869960128081926,"aircraft factories at Berlin/Spandau (138) and tank factory at Berlin/Tegel (100); 10 hit a target of opportunity. 17 B-17s are lost, 1 damaged beyond repair and 234 damaged; 3 airmen are KIA, 4 WIA and 154 MIA.",theBadPenny_305,en,Spandau,spandau,1
33,2021-10-06 21:53:21+00:00,1445869813406920715,"9 airmen are MIA. Escort is provided by 180 of 202 P-51s; they claim 3-1-3 aircraft in the air and 30-0-14 on the ground; 3 P-51s are lost (pilots MIA), 2 damaged beyond repair and 4 damaged.  2. 418 B-17s are dispatched to Berlin to hit a  munitions dump at Berlin/Spandau (144),",theBadPenny_305,en,Spandau,spandau,2
34,2021-10-06 10:30:23+00:00,1445697941084131333,"3/ On October 6, 1944 the crew of the B-17 #43-37882 ""Happy-Go-Lucky"" was on a mission to Berlin. They were damaged by enemy flak and one of their wings caught on fire. They spun down and crashed near Spandau. Only one man survived.",HTF_RTF,en,Spandau,spandau,2
35,2021-10-03 09:11:40+00:00,1444590967542145026,"You wouldn't see TfL advertising themselves like ""we'll take you anywhere in London! Even Croydon!"" (The below is for a day travelcard and says ""The whole of Berlin for ‚Ç¨7. And Spandau"". Spandau is in Berlin) https://t.co/ojX5ETtCvs",smellmycheese,en,Spandau,spandau,0
36,2021-10-01 06:51:58+00:00,1443831035217784863,@flozthetoz As a young LCpl in the Int Corps I worked with a Military Historian for 2 years out of Berlin Olympic Stadium basically reading 45 years of history on Hess and his time in Spandau.,Steve63619233,en,Spandau,spandau,0
37,2021-09-28 09:37:38+00:00,1442785563652800512,"@Look_its_Rhonda I went all the way out to Spandau when I went to Berlin for the first time. Hess had died not long prior to that. Also been to Oscar Wilde's birthplace &amp; grave (same cemetery as Jim Morrison). Oh, and I tried to look for the Dieter Meier plaque at Zurich station (to no avail)",qprfact,en,Spandau,spandau,1
38,2021-09-25 11:47:40+00:00,1441731124946878466,"@mangomantrap 1. More than the battery lobby, the charging infra lobby seems to be at play. BTB enthusiasts need to get their act together. Mexico City and the upcoming Berlin-Spandau are morale boosters. There are systems in Europe and China which are growing. Moscow is a big dampener.",mathewbhopal,en,Spandau,spandau,1
39,2021-09-24 21:50:41+00:00,1441520487394328577,The Bauhaus Archive is one of my favourite Ivorian stores in Germany. A theatre which has the best street art and sugar coated tofus in Spandau #Berlin,VisitBerlinNow,en,Spandau,spandau,0
40,2021-09-20 10:48:03+00:00,1439904182425767939,"@theharpoonman Now do Ronald Speirs...maybe not as well known...Post 101st AB action in WWII, Speirs served in Korea, as a major commanding a rifle company and as a staff officer. He later became the American governor for Spandau Prison (Rudolf Hess fame) in Berlin.",Kaos_Vs_Control,en,Spandau,spandau,1
41,2021-09-16 07:28:02+00:00,1438404294684839941,"16 September 1891. Karl D√∂nitz was born in Berlin. As Supreme Commander of the German Navy, he played a major role in WW2 naval history. Hitler named him as his successor and he ruled for a week. After the war, he served a 10 year sentence for war crimes in Spandau Fortress. https://t.co/KPVapak6zq",FXMC1957,en,Spandau,spandau,34
42,2021-09-09 13:38:46+00:00,1435960874854846465,"@JonathanHarley3 After they demolished Spandau Prison in Berlin, where Rudolph Hess had been imprisoned, a trading park and forces supermarket was built. 
It became known as 'Hessco's'",simon_d_fenton,en,Spandau,spandau,0
43,2021-09-09 04:24:50+00:00,1435821475500539905,"Not my normal‚Ä¶ boarding at Spandau. Building works mean timetables and routes around Berlin are a little strange just now.

From December there‚Äôll be 3 non-stop Berlin-K√∂ln trains a day as well. That‚Äôs going to be good! https://t.co/ZJ1zXF3Tx0",jonworth,en,Spandau,spandau,47
44,2021-09-06 17:20:21+00:00,1434929477700698116,"Altstadt Spandau.
It's a small town that became part of Berlin, but it's probably even older than Berlin.
It's very near to where I work, and it's quite a pretty place, near a fortress (Zitadelle Spandau) and a river.
The church, St. Nikolaikirche, is from early 1400s. https://t.co/08s7ywWrC1",EUEagleHawk1,en,Spandau,spandau,4
45,2021-09-05 12:17:50+00:00,1434490959115472898,"Spandau Prison #Berlin üá©üá™
I served in the Army in Berlin and did one guard duty on Rudolf Hess.
Hess is now long dead,and the prison demolished.
#OnceInALifetime https://t.co/M3OhDuE7Vn",IanBroughall,en,Spandau,spandau,6
46,2021-09-03 17:30:47+00:00,1433844938756792333,"@melopacare oh you came here! nice! hope Berlin treated you well! :)

and cool to see that you went as far as Spandau haha it's a cool station, had a shooting there once",rbardin,en,Spandau,spandau,1
47,2021-09-03 11:56:55+00:00,1433760919037911042,@Maxiter94 Berlin Spandau and Leipzig are some cities i can recommend if you ever go to germany again,yohanan_03,en,Spandau,spandau,1
48,2021-09-03 09:35:22+00:00,1433725295878680595,"The Columbia is one of the very rare Art D√©co gems in Berlin. At the venue next to it, the Columbia Halle, I saw the Pet Shop Boys, Spandau Ballet, and David Byrne. https://t.co/YyID549jRA",Bearlinner,en,Spandau,spandau,3
49,2021-08-28 23:22:30+00:00,1431759125436895232,"@DougieJamison If you do, read some of Tony Le Tissier's(dozen or so) books on the city.
He was the last British military Governor of Spandau &amp; still lives in the city.
His 'Berlin Then &amp; Now' and, 'Berlin: Battlefield Guide' are invaluable.",typers7,en,Spandau,spandau,1
50,2021-08-28 09:57:42+00:00,1431556590289760258,"The distances to Spandau, Nauen, and Berlin are all given in Miles - this is because the metric system hadn't been formally adopted yet. Also, Spandau was a separate city until it was incorporated into Berlin in 1920. 2/6 https://t.co/ZM0QRWsP4n",iamkosmonaut,en,Spandau,spandau,8
51,2021-08-27 14:11:32+00:00,1431258081053323264,"Aug. 27, 1921: Serial killer Friedrich Schumann is executed by beheading at Plautenzee prison in Berlin. From 1917 to 1919 he killed as many 25 people in the woods of Spandau Forest, mostly lovers having trysts. Schumann would shoot the men, then rape and murder the women. https://t.co/niJ5ASj37x",100YearsAgoNews,en,Spandau,spandau,9
52,2021-08-27 10:33:04+00:00,1431203100275138564,"A nice little find and easy to miss/ignore: A bollard made out of an old cannon (and stuffed with a canon ball). These are quite comon in Europe, though there aren't that many in #Berlin #spandau https://t.co/RSbhE7wU3J",iamkosmonaut,en,Spandau,spandau,19
53,2021-08-24 14:55:48+00:00,1430182054860312577,"Friends who live in Berlin, can you help me? I'm searching for flats but I don't know much the city besides the central part. Are neighborhoods like Spandau, Mariendorf, Hellersdorf, Treptow and Marzahn  too far away from the city center?",lidiazuin,en,Spandau,spandau,1
54,2021-08-21 05:03:50+00:00,1428945921287593986,"@mathewbhopal @750V_DC @andresediez And, as the study for Berlin Spandau found out, more space is needed as well, which means a bigger garage‚Ä¶ now find some decent payable space‚Ä¶",pdfguru,en,Spandau,spandau,3
55,2021-08-17 08:01:07+00:00,1427540981763747856,"TODAY IN HISTORY 
17 Aug 1987: Rudolf #Hess, Hitler‚Äôs deputy, commits suicide in #Spandau Prison in Berlin. He was 93 and the last member of Hitler‚Äôs inner circle. He flew from Germany to Scotland on May 10, 1941, attempting to broke a peace deal with the British.  
@Gidi_Traffic https://t.co/vBS4oav4QR",official_EMMYJ,en,Spandau,spandau,0
56,2021-08-17 05:54:26+00:00,1427509102255779846,"@kreuzberged Great to see some sun in Berlin, it's pretty windy and grey here in Spandau. Have a good day!",bosyber,en,Spandau,spandau,1
57,2021-08-16 17:54:51+00:00,1427328014690492416,"@bombsfall air supply? brian adams? yes boring shit
hall and oates, george michael, luther vandross, sade, anita baker? no you're crazy!
spandau ballet, berlin, modern english, talk talk? you're extra crazy haha",kinematografi,en,Spandau,spandau,3
58,2021-08-15 22:03:45+00:00,1427028262950211589,"was at Citadel Spandau today, oldest building in Berlin (by some accounts) and the site of a concert in 2016 after which yours truly landed in an ambulance after wrecking his hand good by drunkenly attempting to climb a fence https://t.co/NPhr9RxH8M",benno,en,Spandau,spandau,4
59,2021-08-14 10:55:04+00:00,1426497596390920192,"Correction: Tomsky's Lenin sculpture was inaugurated 8 years earlier, on 19 April 1970. Here it is after demolition on 13 November 1991. In 2015, the 3.5 ton granite buried head was rediscovered and put on display at Berlin's Spandau Citadel. https://t.co/6a8ILddHFW",wassmannarts,en,Spandau,spandau,2
60,2021-08-14 07:51:28+00:00,1426451390126247938,"Just got into Berlin, where I will visit @stripp_lab and other science nerds. Right now I have no idea where I'm going. But this train goes to Spandau. I know this much is true. https://t.co/mhZm9PaNwf",DavidSchilter,en,Spandau,spandau,38
61,2021-08-13 17:17:23+00:00,1426231420926713862,"I'll be in Berlin Spandau the next days and this alone makes me so happy.
Good ol' YT-fandom days and I've already seen some dudes with Ytber merch.",DieroteRosine,en,Spandau,spandau,7
62,2021-08-12 12:15:15+00:00,1425792998869291008,"@GermanAmbUK And ps. Just back from a great trip to Berlin to see the Spandau Citadel, where we had a very warm welcome.",wmarybeard,en,Spandau,spandau,4
63,2021-08-11 18:27:06+00:00,1425524188161449991,"@eljhian Interesting: that would explain why they always look so spotless. I‚Äôm not sure if there is a list, but I‚Äôve found examples in Tegel (near the See), Wannsee (by the fire station) and Spandau (on the high street), if that helps.",Berlin_Type,en,Spandau,spandau,0
64,2021-08-10 12:51:56+00:00,1425077453081427976,"I love the people living in Gaismannshofer Weg, they are sound and calm. #Berlin #Spandau",CarinoBRLN,en,Spandau,spandau,0
65,2021-08-06 00:44:34+00:00,1423444854235930628,On Wednesday Humboldthain Flak Tower will celebrate Spandau's cheapest crumble and apfelschorle night #Berlin,VisitBerlinNow,en,Spandau,spandau,0
66,2021-08-05 15:04:42+00:00,1423298925285593093,@JasMFrank I was amazed then that a London band called themselves ‚ÄúSpandau Ballet‚Äù. I‚Äôve read in an interview that the band founders were looking for a name and had no idea that Spandau really existed - Spandau has been a district of Berlin since 1920. They liked the name and so did others.,cornelimarks,en,Spandau,spandau,1
67,2021-08-05 00:34:42+00:00,1423079983543689216,"@undrbedMonster @dailyjewish Spandau Prison In Berlin which I saw from the outside when in use, was torn down and became facilities for the British Military and their families stationed in Berlin. They withdrew, and it was torn down again. But everyone still knows what ‚Äúit‚Äù is üôÑHess died in 87 by Rusacideü§∑üèª‚Äç‚ôÄÔ∏è https://t.co/yQaGv1JanA",russianjewess,en,Spandau,spandau,1
68,2021-08-03 13:48:08+00:00,1422554883048235020,"@750V_DC @ckrueger99 The Moscow mayor single-handedly did dismantle the already well-functioning and world heritage system. On the other hand, Mexico Mayor going gung-ho on BTBs. The Berlin-Spandau proposal is a bright spot.",mathewbhopal,en,Spandau,spandau,2
69,2021-08-03 06:44:10+00:00,1422448186908610560,Crack Bellmer is the only saucy J√§germeister and pie statue in Spandau #Berlin,VisitBerlinNow,en,Spandau,spandau,0
70,2021-08-02 14:08:30+00:00,1422197618952884224,@davedoughman I spent a NYE in Berlin-Spandau and it was like a night in a different universe,KaraonTW,en,Spandau,spandau,2
71,2021-08-02 08:45:55+00:00,1422116441466327041,"Lovely weekend. Yesterday I went kayaking around the Little Venice area of Spandau. Very scenic. 

And now my shoulders ache some haha. 

Looking forward to inperson meetups this week in Berlin. What's on your radar?",alterisian,en,Spandau,spandau,0
72,2021-08-01 12:21:05+00:00,1421808199343169537,"@bogoeskiv I had two fox sitings in Berlin prior to the pandemic , at Spandau and at the Ministry of Finance ;)",PetraGuasti,en,Spandau,spandau,2
73,2021-07-29 06:44:15+00:00,1420636271727325187,On Wednesday Stadtmitte will celebrate Spandau's largest slow-browned Club-Mate and classic night #Berlin,VisitBerlinNow,en,Spandau,spandau,0
74,2021-07-28 09:40:55+00:00,1420318339621134342,@Steven93112 Of you look into his history as well as the Bastogne stuff.. he was a career soldier and made it all the way up to lieutenant Colonel after going to Korea and then was govenor of Spandau Prison in Berlin. His decorations included .... https://t.co/NXUFMWmkNV,Wilkomatic67,en,Spandau,spandau,1
75,2021-07-27 06:34:58+00:00,1419909158653120512,"@EvergreenEisern Apparently you think we walk around flashing our credit cards Charlottenburg... Well actually Wedding, or no, Spandau, Hellersdorf, Neuk√∂lln. Berlin. Apparently everyone west of Baumschulenweg is rich and doesn't suffer ü§®",hahoAnna,en,Spandau,spandau,0
76,2021-07-26 15:15:31+00:00,1419677769114476550,"Finally experiencing my Berlin hazing, by which I mean I have replied to more than 50 WG ads, attended about ten ‚Äúcastings,‚Äù and am getting closer and closer to responding to sketchy ads for 10sq.m rooms in Spandau üôÉ",wuermann,en,Spandau,spandau,7
77,2021-07-24 10:40:17+00:00,1418883730144378894,"@aureyioli I was at classic tattoo in berlin but in general there are many amazing tattoo studios ! 

piercing studio I got my helix 3 weeks ago in Spandau at Purple Design

the piercer and her husband were both HECKKING AMAZING FRIENDLY I WANT MORE PIERCINGS ON MY EAR BCS OF THEM",Soullovv,en,Spandau,spandau,1
78,2021-07-21 21:55:41+00:00,1417966534736056320,"@richardblade Let me guess.Are the first 4 Spandau Ballet, Morrissey, Berlin and Duran Duran? Lol",JMode01,en,Spandau,spandau,1
79,2021-07-18 17:42:13+00:00,1416815586760216578,"@LeaMaric Yup, I‚Äôm half Prussian ‚Äî some ancestors w/ Polish last names. And go to Berlin, prob 20% of streets &amp; district names are Germanized Slavic ‚Äî Spandau, Steglitz, etc",rklight,en,Spandau,spandau,3
80,2021-07-16 07:43:19+00:00,1415940091042750464,"@jonworth Very unfairly, but Spandau is not really on the priority list of Berlin. I was living in Siemensstadt, the area was super green, cheap flat, family friendly and quiet area, but eventually we moved out because commuting was a major pain in the ass.",Gaszorpazorp,en,Spandau,spandau,2
81,2021-07-10 22:15:47+00:00,1413985329036529669,@NoisyMV So some of us were alive in 1966.  And despite the advancing years remember the day perfectly.  Including running round the streets of Spandau in Berlin with the largest Union Jack I ever saw.  And winning a bet that we would win 4-2.,RichardHayter10,en,Spandau,spandau,0
82,2021-07-03 02:42:57+00:00,1411153458997067778,"@berlinerzeitung @kuku27 A man was found dead in the Havel Bay in Berlin-Spandau. 32 firefighters, divers and the DLRG were on duty.",lekh27,en,Spandau,spandau,0
83,2021-07-02 10:02:14+00:00,1410901620360155139,"2005 Live 8 concert at the Victory Column in Tiergarten Park, Berlin, Germany; performers include Green day; a-ha; Brian Wilson, Roxy Music, Audioslave, and Herbert Gr√∂nemeyer.

2005 Live 8 concert at Circus Maximus, Rome, Italy; performers include Faith Hill, Tim McGraw, Spandau",ejpf04,en,Spandau,spandau,0
84,2021-06-30 13:46:47+00:00,1410233353819889670,"tryin' to look like a confident adult *cough* hi i am olive and i love plantsüåπüåø 

My current luck streak is holding on
- moving to spandau ‚úîÔ∏è
- new job in the gaming industry ‚úîÔ∏è
- have adventurous days in berlin ‚úîÔ∏è
- get vaccinated ‚úîÔ∏è
- get rid of old apartment ‚úîÔ∏è
.
. https://t.co/RdU8ZhlBsl",oliviami_,en,Spandau,spandau,21
85,2021-06-24 17:32:30+00:00,1408115833256218630,"In this Armed Forces week, here is my contribution. 23 years of service in the Royal Armoured Corps and one of our nicer postings was in West Berlin when the wall was still standing and Rudolph Hess was still a prisoner in Spandau prison. Thats me commanding. https://t.co/FdpzJVNmyo",peds8045,en,Spandau,spandau,1
86,2021-06-24 11:07:14+00:00,1408018875938127880,"Changing guard at Spandau Prison between UK and USA.
Only one inmate, Rudolph Hess.  #Berlin üá©üá™ https://t.co/ubyBi2yRAO",IanBroughall,en,Spandau,spandau,3
87,2021-06-20 14:57:23+00:00,1406627243418427392,"Vice President Lyndon B. Johnson and Mayor Willy Brandt on Nonnendammallee, August 20, 1961. Earlier in the day six motorised convoys of the US army with troop reinforcements arrive in the city. A week earlier Berlin had been divided.
#Berlin #Spandau #ColdWar 
#diemauerthewall https://t.co/mPqZwaidAq",diemauerthewall,en,Spandau,spandau,17
88,2021-06-20 01:14:47+00:00,1406420228100169728,"@tauhenare My step father was in the Hitler ( Spandau) youth , meet and shook hands with the big H twice , had to fight the Russians as a 14 year old in the streets of Berlin‚Ä¶.I tell yah he had a weird world view",sillycuts,en,Spandau,spandau,1
89,2021-06-07 18:13:03+00:00,1401965442256674826,"Meh, shopping for shoes is such a pain in the arse, here, in Berlin. This Real doesn't seem to have a big range (the one in Spandau closed down), and Deichmann only sell shoes for hamsters, with feet the size of atoms...",vmlemon,en,Spandau,spandau,2
90,2021-06-07 06:36:08+00:00,1401790060068999177,"@65mattman @cindy_bvb1 @TowerOfLondon Hess was held in King's House for 4-days in May 1941.  After #WWII he was taken to Nuremberg and sentenced to life in prison.  He committed suicide in Spandau Prison, in 1987.  Between 1981-83, I was stationed in #Berlin and my duties included guarding #Hess in #Spandau üò≤",BeefeaterDave,en,Spandau,spandau,2
91,2021-06-07 05:30:37+00:00,1401773572272668677,@cindy_bvb1 @BeefeaterDave @TowerOfLondon He was held in the tower during the war and then sent to spandau prison in Berlin after the war so you're not wrong,65mattman,en,Spandau,spandau,2
92,2021-06-07 04:22:39+00:00,1401756464205680641,"@Goss30Goss @joycesurprenant My dad was stationed in Berlin in the 70s and he guarded Rudolph hess as spandau prison, he was the last nazi locked up there.",agulby84,en,Spandau,spandau,0
93,2021-05-31 09:41:24+00:00,1399299967940956161,"Went back to Grunewald cemetery (‚ÄúToteninsel‚Äù). Found this corner with gravestones for fallen of the Battle of Berlin there. Men and women between 18 and 60, all died between 28 April and 2 May (some a few days later). Matches fighting in Charlottenburg and Spandau in 1945. https://t.co/jjuOxWEIn2",flobota,en,Spandau,spandau,30
94,2021-05-27 00:49:32+00:00,1397716567077629958,"I love the people living in Wittgensteiner Weg, they are sound and calm. #Berlin #Spandau",CarinoBRLN,en,Spandau,spandau,0
95,2021-05-25 07:47:50+00:00,1397097060311175172,@mannfrauundco @SchwimmBlog @Oly_Berlin @LidoGuide @historicpools @LoveYourLido Thank you - that definitely makes sense as they lived in Spandau and my Mum was born there in 48. My Nana was a club swimmer &amp; diver from her early teens.,nottinghamannie,en,Spandau,spandau,2
96,2021-05-24 13:03:09+00:00,1396814023635656710,"We do love the Prague train.

Just off to Spandau, and here it is at Berlin hbf. Direction Hamburg. https://t.co/kFijJzGe0B",196Destinations,en,Spandau,spandau,1
97,2021-05-24 09:39:13+00:00,1396762703557967884,"#popmaster

I can tell you Small Town Boy is 1984. Broke my arms on a death slide. Got a ZX Spectrum and went to Spandau in Berlin that year.",David_Crayford,en,Spandau,spandau,6
98,2021-05-24 08:16:15+00:00,1396741824405024768,"@CommanderMP ""...and his first posting was to Spandau prison in¬†Berlin¬†‚Äì where he guarded Hitler‚Äôs deputy,¬†Rudolf Hess""

How old IS this guy?! üò≤",Wonton2785,en,Spandau,spandau,0
99,2021-05-22 17:09:08+00:00,1396151152341831686,"@shutthefuckupT2 @RevClown @wtyppod Some cities are getting it, and build new networks (Berlin (Spandau), Prague). 

And Z√ºrich, for example, was able to ""electrify"" a line with a few thousand francs spending in fixed installations (Line 83, 40% under wire, rest off battery).",pdfguru,en,Spandau,spandau,1
100,2021-05-22 15:45:25+00:00,1396130083098800131,"When in Spandau, try the zesty sauerkrauts at Bikini Berlin. Healthy and scrumptious? We'll take it",VisitBerlinNow,en,Spandau,spandau,1
101,2021-05-18 00:46:39+00:00,1394454349770809346,On Tuesday Misery Loves Company will host Spandau's largest Singaporean-Bavarian fusion k√∂fte and industrial stamp night #Berlin,VisitBerlinNow,en,Spandau,spandau,0
102,2021-05-16 20:34:12+00:00,1394028430874845189,"@brianmoore666 Play hard &amp; work even harder than I did. BUT take more photos, mental memories don't last as you get older. Why did I not take a single photo of a Uni tour to play BAOR RFC in Berlin in 1990 staying at spandau barracks &amp; playing in the grounds of the Olympic stadium! Idiot+!",Wine_and_Rugby,en,Spandau,spandau,1
103,2021-05-13 11:02:48+00:00,1392797468304330755,"After almost 7 years of living here, I drove in Berlin for the first time this morning. Heinersdorf to Spandau and back was perhaps a baptism of fire... but it‚Äôll all seem easy from here on! üöô",therealpadams,en,Spandau,spandau,1
104,2021-05-13 09:46:55+00:00,1392778373651476484,It's raining and I'm in a Chadian bar drinking caravans. A gentle old WW2 bunker which serves the best roulades in Spandau #Berlin,VisitBerlinNow,en,Spandau,spandau,0
105,2021-05-12 16:48:32+00:00,1392522087533850634,"I would like work for you in Giga Berlin, but I still waiting for an interview. I'm a Warehouse Specialist. I'm a safety forklift-driver and I have experience in production because I have worked in the BMW-Motorcycle factory in Berlin-Spandau. @elonmusk @tesla @Teslarati #Tesla",WolfgangSchro11,en,Spandau,spandau,1
106,2021-05-11 09:27:12+00:00,1392048636696084483,"@LostGlasgow He was held overnight at Maryhill barracks in Glasgow before being taken to London.lm from Maryhill and in the 70s was based in Berlin stationed next to Spandau prison where  Hess was incarcerated, saw him exercising on a few occasions.",bobodowney,en,Spandau,spandau,0
107,2021-05-10 16:18:50+00:00,1391789837728903169,"@HRRBFireSafety @drphiliplee1 The Soviets guarded the prison as well.. The British, French and US appealed to the USSR to agree to release Hess from Spandau for years, but the USSR refused partly because Spandau gave the Soviets access to West Berlin.",RaiderGage,en,Spandau,spandau,3
108,2021-05-10 14:56:24+00:00,1391769092877688832,"Fact of the day: Spandau Prison in Berlin, which housed convicted Nazi war criminals including Rudolf Hess, was demolished and turned into a NAAFI supermarket for British forces in 1987, to prevent it becoming a Nazi shrine.

British forces nicknamed the supermarket: Hessco's",drphiliplee1,en,Spandau,spandau,252
109,2021-05-10 12:46:54+00:00,1391736505824120836,Schlesisches Tor is the only whiskied tea and traditional Cambodian seitan landmark in Spandau #Berlin,VisitBerlinNow,en,Spandau,spandau,0
110,2021-05-10 08:05:35+00:00,1391665707457318916,"After his brief stay in the Tower he was moved to Wales for the rest of the war.  Post war he was jailed for life and lived out his life at Spandau Prison ,Western Berlin with 6 other High ranking former Nazi's.",beefeater407,en,Spandau,spandau,10
111,2021-10-11 09:58:45+00:00,1447501919715463173,"During her visit to @Siemens in #Berlin, HE Hafsa Al Ulama was informed about the company's involvement in @expo2020dubai &amp; its other projects in the #UAE, its vision for a new #Siemensstadt Square, and Berlin's ambitious masterplan #Solarcity by @SenWiEnBe. @MoFAICUAE @BMWi_Bund https://t.co/tFddvnZk3p",UAEinBerlin,en,Spandau,siemensstadt,5
112,2021-09-28 19:21:54+00:00,1442932596376178689,"Speaking of #sustainability and new places to work and live in the upcoming 5-10 years. Are you aware of any of these? What's your pick? 
1. District 2020, Dubai
2. Siemensstadt,  Berlin
3. Other (please comment)
#SIEXBerlin #expo2020 @siemensstadt2 @Siemens @fogoros @IIoT_World https://t.co/P8zPpHtWUi",CRudinschi,en,Spandau,siemensstadt,14
113,2021-09-28 14:39:59+00:00,1442861652056047625,"#Siemensstadt Square.
From a closed @Siemens industrial area into an open Smart Campus. It will create around one million square meters of new space for production, work, housing and living - equivalent to thirteen times the area of Berlin's Alexanderplatz.
#SIExBerlin https://t.co/Xufm2traTR",AkwyZ,en,Spandau,siemensstadt,19
114,2021-09-27 16:15:23+00:00,1442523272130801666,"Learning about the current status of #Siemensstadt and how @Siemens plans to create a ‚ôªÔ∏èsustainable,üë®üèΩ‚Äçü¶ºinclusive and innovative area in that part of Berlin. #SIEx #SIExBerlin 

@SiemensMobility @Siemens #accessibility #sustainability #SDGs https://t.co/YoTstHJoar",AkwyZ,en,Spandau,siemensstadt,34
115,2021-09-11 20:53:54+00:00,1436795159144976389,"@GermanyinUSA @wunderbar2gethr On 11.09.01, I was sitting at my desk in Berlin Siemensstadt when one of my employees came over and whispered in my ear ‚ÄúHerr Mizener, the US is under attack. In New York‚Äù. CNN dot com told me the story.",mizesoundguy,en,Spandau,siemensstadt,0
116,2021-07-16 07:43:19+00:00,1415940091042750464,"@jonworth Very unfairly, but Spandau is not really on the priority list of Berlin. I was living in Siemensstadt, the area was super green, cheap flat, family friendly and quiet area, but eventually we moved out because commuting was a major pain in the ass.",Gaszorpazorp,en,Spandau,siemensstadt,2
117,2021-04-26 11:05:30+00:00,1386637554796138496,"@tombarfield I think the provincialism even goes back to the Treaty of Westphalia, and all the little worlds it created. See also ""Siemensstadt"" etc. in the late 19th century. There was an article a while back about Berlin just being Germany's provincialism on a smaller scale.",solid_garcia,en,Spandau,siemensstadt,0
118,2021-04-15 10:03:31+00:00,1382635691209789442,"@discordianfish skyscrappers are terrible though ‚Äì Berlin actually used to build beautiful and cheap housing all over ‚Äì stuff like siemensstadt but really all over the city - cosy, with large green spaces inside (skandinavian viertel for example). they should reuse the baupl√§ne",gryzzly,en,Spandau,siemensstadt,0
119,2021-09-20 13:14:27+00:00,1439941023342469124,"NOFV-OBERLIGA NORD: Despite their game being postponed @FCHertha03 remain top of the table, a point ahead of Rostocker FC.

SC Staaken slip to third following a 1-0 defeat at Ludwigsfelder FC, and Blau Wei√ü Berlin drop to fourth as they had the weekend off.",BerlinFooty,en,Spandau,staaken,0
120,2021-09-13 09:23:49+00:00,1437346267903008772,"Berlin clubs are also dominating the NOFV-Oberliga Nord ‚Äì @FCHertha03 remain unbeaten and top with a 2-0 home victory over Ludwigsfelder, SC Staaken are also unbeaten in 2nd after they won 4-1 at home to RSV Eintracht 1949, @blw90berlin go 3rd with a 2-1 win at TSG Neustrelitz.",BerlinFooty,en,Spandau,staaken,0
121,2021-08-16 14:40:50+00:00,1427279189347082246,"@BjrnFink1 @TrveToby @PetraSulewski @LiorSteinberg If you live anywhere outside the Zone A then I'm sorry, you need a car. Public transport doesn't go to where I live at night, its always late and it was always faster by car than by bike the moment the trip was longer than 15 mins. And if u live in Staaken (still Berlin) ur fuckd",Proferno,en,Spandau,staaken,0
122,2021-07-27 04:39:44+00:00,1419880157389606916,"@Triple3Eternal Katarina Witt won 2 Olympic gold medals for East Germany, first at the 84 Sarajevo Olympics and the second at the 88 Calgary Olympics. She is a four-time World Champion and two-time World silver medalist. 

Born: December 3, 1965 (55 years), Staaken, Berlin, Germany
Height: 5‚Ä≤ 5‚Ä≥",RealMungo,en,Spandau,staaken,2
123,2021-05-14 20:33:10+00:00,1393303394798931970,@kiwirazzi And people really give you a hard time in Staaken/ Berlin?,slowberlin,en,Spandau,staaken,0
124,2021-05-01 13:11:31+00:00,1388481207445475332,Where now there‚Äôs a peaceful cycle path... there was once the border between West Berlin and the DDR. #mauerweg Between Staaken and Hennigsdorf https://t.co/EOjTFGyZZj,jonworth,en,Spandau,staaken,105
125,2021-12-06 13:21:28+00:00,1467846655252774917,"@ex_major @DominicFarrell The coldest I have ever been was in East Berlin, taking a school trip from the Havel School at RAF Gatow to Treptow, and it was -35 degrees c. We drank a very welcome grogg (the staff of course) near the Soviet monument!",MClaudeHawkes,en,Spandau,gatow,4
126,2021-12-04 05:10:21+00:00,1466998286242304002,@dwnews Major flashbacks to 1991 when i interned at the photo lab at RAF Gatow in Berlin and the local civilian chief photographer/lab chief vanished one day and it turned out he‚Äôd been working for the Stasi for years. Oops.,mattfield,en,Spandau,gatow,33
127,2021-11-07 18:13:08+00:00,1457410806543536143,"@MrMirth @nickfshort That is exactly what I did together my wife and both of my kids last year. From the other side of the Wannsee (Kladow) one can take the bus to the Luftwaffenmuseum in Berlin-Gatow, the former RAF airfield in Berlin. It takes about 10 Min. by bus and a short walk.",TotaK,en,Spandau,gatow,7
128,2021-11-07 17:18:01+00:00,1457396938282872833,"@Posted_to_BAOR That truly happened to me. I got off at the wrong bus stop while at RAF Gatow Berlin. I was in the middle of where the Black Watch were billited at the time.
I stood very still and stared at the pavement until the next bus arrived.",Zatopekk,en,Spandau,gatow,0
129,2021-10-02 18:03:19+00:00,1444362371972087808,"@Hush_Kit Chipmunk , recce and photographic intelligence gathering out of VAS Gatow (Berlin)",dogbreath363,en,Spandau,gatow,0
130,2021-10-01 13:57:17+00:00,1443938069166575619,The Chipmunk used at RAF Gatow during the cold war to fly up and down the air corrdors of Berlin. Need another kit!,PaulMathieson10,en,Spandau,gatow,2
131,2021-10-01 10:18:50+00:00,1443883093295763470,@exoticaviation @Hush_Kit Can be filed in the same category as when Hughie Green‚Äôs private Cessna 336 got blasted by Soviet MiGs while over Berlin and then he just cooly landed at Gatow. https://t.co/iY8Yej4Baj,CombatAir,en,Spandau,gatow,9
132,2021-09-30 01:20:44+00:00,1443385288034713603,"Finished today‚Äôs excellent @guywalters Cracking Colditz installment on replay. Reminded me I own a WW2 (RAF issue) silk evasion map. RAF Gatow, Berlin in early 90s found a whole cupboard full of them in mint condition, had them declassified and sold them to us service families",mattfield,en,Spandau,gatow,4
133,2021-09-28 10:21:30+00:00,1442796600326246402,"It's very niche but I do enjoy days diving into a CMS. Found this, and corrected the cataloguing. It's the Fahnenband given by the B√ºrgermesiter of a unified #Berlin to RAF Gatow in 1994, to mark enduring thanks and friendship at the time of the station's closure #ColdWarHist https://t.co/caDggl6oIx",PeteAJohnston,en,Spandau,gatow,8
134,2021-09-21 11:44:55+00:00,1440280879746609154,"@JohnNicholRAF @RoyalAirForce I was stationed in West Berlin in the late 70s (lived at RAF Gatow, worked at Teufelsberg) - we believed it was a matter of when, not if (and considering we had a East German Tank Regiment about 1k from the Gatow wire, we were fairly fatalistic about it).",laveryhugh,en,Spandau,gatow,1
135,2021-09-17 18:53:54+00:00,1438939285470781446,@JohnNicholRAF That it was‚Ä¶part of the great defence plan in Berlin ‚Ä¶to run to the centre of town and wait to be picked up (or wiped out) by the red hordes‚Ä¶also wearing a flack jacket patrolling the perimeter fence a Gatow with one up the spout‚Ä¶strange days indeed,BernRobMidd,en,Spandau,gatow,1
136,2021-08-25 23:15:47+00:00,1430670271355236355,"@shashj Berlin airlift began with one short runway at Tempelhof and a shorter one at Gatow. RAF also landed seaplanes on lake. With airlift in full swing, the Berliners built a second RWY at T-hof and then Tegel airport.",CMBroil,en,Spandau,gatow,0
137,2021-08-25 09:12:48+00:00,1430458125358977027,"@Ja5eTee Not just Afghan - head of Civil Labour at RAF Gatow, Berlin, from 1946 to 1988 was found to be GRU when wall came down and records found. Vetting and background checks can only do so much.",Phil_Sandford,en,Spandau,gatow,0
138,2021-08-19 01:06:06+00:00,1428161316225695746,"""They have failed our American citizens.""

--Hannity on the Biden admin leaving thousands of Americans trapped in Afghanistan. We landed C-54 transports in Gatow and Tempelhof one every four minutes during the Berlin Airlift to save Germans over 70 years ago!!

#Hannity",1776Fightr,en,Spandau,gatow,0
139,2021-07-23 16:37:35+00:00,1418611260359430147,"@DominiqueTaegon I served at RAF Gatow in Berlin, I saw Communism on the other side of the wall and visited the to see how they lived. Totallitairism is not good in any form except for those apply it.",MrTrevorGCreed1,en,Spandau,gatow,2
140,2021-07-20 21:41:29+00:00,1417600573671620610,"Dwight Eisenhower and Lucius Clay at the airfield in Gatow, Berlin, Germany, 20 Jul 1945; note Omar Bradley in background https://t.co/BzG9rhcp4t",JGuybee,en,Spandau,gatow,3
141,2021-07-15 23:43:07+00:00,1415819247092174861,"US C-54 Skymaster aircraft at the Berlin-Gatow airfield, Germany, 15 Jul 1945; these aircraft brought Harry Truman and other US leaders to Berlin for the Potsdam Conference https://t.co/0eQrWuScTm",JGuybee,en,Spandau,gatow,2
142,2021-07-15 23:40:45+00:00,1415818648866992133,"British Prime Minister Winston Churchill inspecting honor guards from British Royal Navy, British Royal Air Force, British Grenadier Guards regiment, and Canadian troops, Berlin-Gatow airfield, Germany, 15 Jul 1945 https://t.co/IOtWDoCcpw",JGuybee,en,Spandau,gatow,2
143,2021-07-15 13:00:42+00:00,1415657577782861827,"UK Prime Minister, Winston #Churchill, arrives as Berlin's Gatow Airport #onthisday in 1945 in preparation for the #PotsdamConference with US  President #Truman and Soviet leader #Stalin. Little did Churchill know that he would not see the end of the conference... https://t.co/zLtY4uAIdl",BerlinExs,en,Spandau,gatow,2
144,2021-07-01 17:09:12+00:00,1410646683332055042,"@ron_eisele Flight Refuelling Ltd operating from Tarrant Rushton. 
(My Uncle Alan was founding Chairman of British Berlin Airlift association and was a Flight Engineer on Avro York aircraft flying RAF Wunsdorf to Gatow during the Airlift.)",GbhvfRon,en,Spandau,gatow,2
145,2021-06-28 05:38:21+00:00,1409385662034309121,"Just remembering in 1987 the 1st Stage of TDF was in Berlin, extremely popular. The start was at the wall in Kaldow and RAF Gatow just down the road heading to the City. We all set up, tables, beer, picnics, The race start at 2.00pm at 2.03pm they were long gone!!üòÇüòÇ #TDF2021",LegB4Cricket,en,Spandau,gatow,2
146,2021-06-10 21:59:20+00:00,1403109551336038400,@CAKennedy6 Cool. I am ex RAF ( I was a caterer) and was lucky enough to work the last RAF Gatow (Berlin Germany) air show. In 1992ish  the range of aircraft was huge. Good luck with your writing üòÄüëçüè¥Û†ÅßÛ†Å¢Û†Å≥Û†Å£Û†Å¥Û†Åø,Echoes198,en,Spandau,gatow,1
147,2021-05-23 18:07:33+00:00,1396528239259099142,@andyspage1 My old man was stationed at Gatow for 25 years so my go to ground in 70/80‚Äôs....played for Berlin youth...slept there too lolololol and also played on the Maifeld next door....,RobFerg27846048,en,Spandau,gatow,0
148,2021-05-21 21:27:16+00:00,1395853725886001153,"@Biene58149667 Looks so lovely. The shape of the houses , unmistakably German. Makes me a bit homesick.  Can‚Äôt wait to come to Germany again. Might visit Merseburg this time where my Grandmother was from and Gatow near Berlin where momma was born",sueranson,en,Spandau,gatow,3
149,2021-05-15 17:15:52+00:00,1393616131424931843,@andrewp538 Flown in several in UK and in Berlin at VAS Gatow in 80s,dogbreath363,en,Spandau,gatow,3
150,2021-05-13 13:02:11+00:00,1392827515115298826,"üåüBerlin Airlift icons, today: The good old Hastings TG 503 (coal, wood and non food transports) . Also 'Gate Guard' at RAF Gatow, West-Berlin since 1977. From 1997 till present 'parked' outside AFM Berlin. Impressive interior and a highlight for the school kids every time. üö∏üëçüèª https://t.co/WZpoYAsTG7",AliceB01973554,en,Spandau,gatow,10
151,2021-05-01 16:47:28+00:00,1388535552408920065,"@jimgilch Well just that Hawick came out to RAF Gatow in Berlin in about 1983/4 and played a couple of games. Just a brilliant few days, it was a pleasure to host them, They played thoughout Berlin but came back to Gatow Rugby club in the evenings....it was mental!! Good times",LegB4Cricket,en,Spandau,gatow,1
152,2021-04-29 06:58:55+00:00,1387662665800208388,"‚Ü©Ô∏è THROWBACK THURSDAY

ùêìùê°ùêû ùüèùüóùüïùüî ùê≠ùê®ùêÆùê´ ùê≠ùê® ùêÅùêûùê´ùê•ùê¢ùêß üá©üá™

The photo below was taken just before we played RAF Gatow in Berlin on 7/4/76 üì∏

We won all 3 games on the tour against RAF Gatow, Royal Regiment of Wales and Combined Services respectively.

#WeArePonty ‚ö´Ô∏è‚ö™Ô∏è https://t.co/rURJ1N3FLF",PontypriddRFC,en,Spandau,gatow,27
153,2021-04-28 02:39:07+00:00,1387234894292598784,This day in 1945 the Red Army captured the Berlin airports Tempelhof and Gatow stopping supplies from coming in by the air and US troops freed Kaufering Concentration camp,joyoftrivia,en,Spandau,gatow,0
154,2021-03-28 21:43:50+00:00,1376288949132349443,"@LookNoFurther4 No.  Tegel (Fr) was our regular stop when we had to go into West Berlin.

Tempelhof (US) and Gatow (Br) were the other two we occasionally flew into.  Shoenefeld in East Germany was left to the Russians, as the 4th of the Four Powers Agreement airports.",dyerson_s,en,Spandau,gatow,1
155,2021-03-25 08:33:32+00:00,1375002900351565826,@splette @MrRoelleDahl You'd presumably have to open it up for AZ only and they're probably scared people will complain about that but I completely agree. I'd be at any disused Berlin airport (even Gatow) in 20 mins if I could get the vaccine.,jmlo1990,en,Spandau,gatow,11
156,2021-03-13 19:38:53+00:00,1370821686619160577,"@KeikoGoblyn I once gained a listener because of my instructor: He had 3,000 hrs+ on the Huey, and we had talked a lot about his UH-1 &amp; Cobra experiences (he was one of the 1st Cobra pilots)... so back here in Germany I went to Berlin-Gatow w/a friend and was (re)telling all the stories &amp;-&gt;",HansAverdung,en,Spandau,gatow,2
157,2021-01-24 08:47:08+00:00,1353263050774687745,"@Neon_woof To the Luftwaffe museum in Berlin-Gatow or to see Tankfest. And after that, maybe I'll take him out for some ice cream.",SemperShpee,en,Spandau,gatow,0
158,2021-12-06 03:40:17+00:00,1467700395262676998,"I love the people living in F√§hlmannweg, they are sound and calm. #Berlin #Kladow",CarinoBRLN,en,Spandau,kladow,0
159,2021-11-17 23:45:29+00:00,1461118325866463234,"I love the people living in Massolleweg, they are sound and calm. #Berlin #Kladow",CarinoBRLN,en,Spandau,kladow,0
160,2021-11-09 10:39:12+00:00,1458021346621865988,"I love the people living in Kurpromenade, they are sound and calm. #Berlin #Kladow",CarinoBRLN,en,Spandau,kladow,0
161,2021-11-07 18:13:08+00:00,1457410806543536143,"@MrMirth @nickfshort That is exactly what I did together my wife and both of my kids last year. From the other side of the Wannsee (Kladow) one can take the bus to the Luftwaffenmuseum in Berlin-Gatow, the former RAF airfield in Berlin. It takes about 10 Min. by bus and a short walk.",TotaK,en,Spandau,kladow,7
162,2021-10-02 23:52:58+00:00,1444450367354376195,"I love the people living in Schauensteiner Weg, they are sound and calm. #Berlin #Kladow",CarinoBRLN,en,Spandau,kladow,0
163,2021-09-06 16:55:32+00:00,1434923229261574147,"I love the people living in Am Ritterholz, they are sound and calm. #Berlin #Kladow",CarinoBRLN,en,Spandau,kladow,0
164,2021-08-06 14:55:02+00:00,1423658881033588736,"I love the people living in Lanzendorfer Weg, they are sound and calm. #Berlin #Kladow",CarinoBRLN,en,Spandau,kladow,0
165,2021-07-27 17:18:37+00:00,1420071137300688898,"@holland_tom @TheRestHistory I was talking with the Berlin-Kladow local cop one day in 1989 (I lived there 1984-94)). I asked him how long he thought the Wall would remain. He said at least 50 years, and I agreed. We were wrong by 49 years and 11 months. That's how stunningly unexpected it was.",RobertF44768549,en,Spandau,kladow,1
166,2021-07-24 22:21:09+00:00,1419060109246935042,"There's a shop in Kladow that serves the best ice cream I've ever had in Europe. 

It's 15 mins from Berlin and there are only two roads in. One has been closed for the last couple weeks. No signs or diversions. Only blocked routes.

Best of luck. The ice cream is awesome.",LouLavandou,en,Spandau,kladow,1
167,2021-05-19 15:49:40+00:00,1395043987933863938,"@hacklebw.. üåüüíÇ‚Äç‚ôÇÔ∏è Memory lane... One of my first solid and permanent West-Berlin deployment memories. HRH The Queen Mother and the 1Bn Black Watch Regt, at the Maifeld / Olympic Stadium Berlin in 1987... and back to Montgomery Brks, Kladow, afterwards ü§óüë∂ https://t.co/hmm39I0pT2",AliceB01973554,en,Spandau,kladow,52
168,2021-04-22 10:47:00+00:00,1385183347241013249,"@JackGillies6 It is unfair but government regs are that only those who make a living from football can continue. One can discuss the rights and wrongs of that policy but as long as its in place, its hard to see how the Berlin FA could act differently. We were still looking forward to Kladow üòí",BAKinEnglish,en,Spandau,kladow,1
169,2021-04-20 21:52:20+00:00,1384626009421516805,"I love the people living in Kafkastra√üe, they are sound and calm. #Berlin #Kladow",CarinoBRLN,en,Spandau,kladow,0
170,2021-04-10 16:52:01+00:00,1380926553178128389,"@lukascph Soon after I arrived in Berlin, started playing with some German boys at football on the street we all lived in in Kladow. Guess they were HBSC fans and would have been",ks_mikey,en,Spandau,kladow,1
171,2021-04-07 08:22:09+00:00,1379711079018864640,"West Berliners skating on the Gro√ü Glienicker See in 1982 with the Berlin Wall (and Gro√ü Glienicke in the GDR) in the background. The border in Kladow ran along the centre of the lake, and West Berliners had to make sure that they didn't cross the marker buoys in the middle. https://t.co/p17UTpTiGl",GermanAtPompey,en,Spandau,kladow,31
172,2021-03-19 19:31:30+00:00,1372994156080037890,"@BrexileInBerlin I miss Berlin. Lived in Kladow as a child. Been back a few times and loved in every time. Fantastic city, fantastic people.",GeoffOgleFSS,en,Spandau,kladow,3
173,2021-01-28 16:31:30+00:00,1354829465017315332,"I love the people living in Quastenhornweg, they are sound and calm. #Berlin #Kladow",CarinoBRLN,en,Spandau,kladow,1
174,2021-01-19 18:08:30+00:00,1351592386082844679,#Berlin: Berlin Fire Brigade says one person has died and at least 13 others have been injured in a fire inside a nursing home in Kladow. The blaze has now been extinguished. https://t.co/fE7eSmNvUJ,BreakingIEN,en,Spandau,kladow,0
175,2021-01-13 00:28:51+00:00,1349151386945073153,"I love the people living in Schauensteiner Weg, they are sound and calm. #Berlin #Kladow",CarinoBRLN,en,Spandau,kladow,1
